Datei,Zeilen,Status,Flag,Begründung
/home/user/BabajagaBoB/app/api/agents/fabric/route.ts,43,REAL,,
/home/user/BabajagaBoB/app/api/agents/route.ts,4,REAL,,
/home/user/BabajagaBoB/app/api/alerts/route.ts,48,REAL,,
/home/user/BabajagaBoB/app/api/approvals/center/route.ts,45,REAL,,
/home/user/BabajagaBoB/app/api/approvals/route.ts,4,REAL,,
/home/user/BabajagaBoB/app/api/apps/route.ts,25,REAL,,
/home/user/BabajagaBoB/app/api/artifacts/route.ts,41,REAL,,
/home/user/BabajagaBoB/app/api/audit/route.ts,14,REAL,,
/home/user/BabajagaBoB/app/api/auth/route.ts,129,REAL,,
/home/user/BabajagaBoB/app/api/authority/route.ts,15,REAL,,
/home/user/BabajagaBoB/app/api/capabilities/route.ts,30,REAL,,
/home/user/BabajagaBoB/app/api/cicd/route.ts,9,REAL,,
/home/user/BabajagaBoB/app/api/computer-use/route.ts,44,REAL,,
/home/user/BabajagaBoB/app/api/control/route.ts,49,REAL,,
/home/user/BabajagaBoB/app/api/deployment/route.ts,90,REAL,,
/home/user/BabajagaBoB/app/api/devices/route.ts,92,REAL,,
/home/user/BabajagaBoB/app/api/dispatcher/route.ts,58,REAL,,
/home/user/BabajagaBoB/app/api/errors/route.ts,37,REAL,,
/home/user/BabajagaBoB/app/api/events/[id]/why/route.ts,32,REAL,,
/home/user/BabajagaBoB/app/api/events/route.ts,4,REAL,,
/home/user/BabajagaBoB/app/api/execution-gate/route.ts,12,REAL,,
/home/user/BabajagaBoB/app/api/experiments/route.ts,4,REAL,,
/home/user/BabajagaBoB/app/api/faults/route.ts,46,REAL,,
/home/user/BabajagaBoB/app/api/gallery/route.ts,8,REAL,,
/home/user/BabajagaBoB/app/api/governance/route.ts,31,REAL,,
/home/user/BabajagaBoB/app/api/inbox/route.ts,47,REAL,,
/home/user/BabajagaBoB/app/api/knowledge/route.ts,5,REAL,,
/home/user/BabajagaBoB/app/api/knowledge/vector/route.ts,23,REAL,,
/home/user/BabajagaBoB/app/api/metrics/route.ts,21,REAL,,
/home/user/BabajagaBoB/app/api/missions/route.ts,62,REAL,,
/home/user/BabajagaBoB/app/api/observatory/route.ts,55,REAL,,
/home/user/BabajagaBoB/app/api/persistence/route.ts,119,REAL,,
/home/user/BabajagaBoB/app/api/plans/route.ts,41,REAL,,
/home/user/BabajagaBoB/app/api/privacy/route.ts,17,REAL,,
/home/user/BabajagaBoB/app/api/promotion-gate/route.ts,10,REAL,,
/home/user/BabajagaBoB/app/api/provenance/route.ts,5,REAL,,
/home/user/BabajagaBoB/app/api/providers/route.ts,23,REAL,,
/home/user/BabajagaBoB/app/api/queue/route.ts,13,REAL,,
/home/user/BabajagaBoB/app/api/readiness/route.ts,5,REAL,,
/home/user/BabajagaBoB/app/api/reliability/route.ts,22,REAL,,
/home/user/BabajagaBoB/app/api/runs/route.ts,81,REAL,,
/home/user/BabajagaBoB/app/api/runtime/route.ts,103,REAL,,
/home/user/BabajagaBoB/app/api/runtimes/route.ts,14,REAL,,
/home/user/BabajagaBoB/app/api/sandboxes/route.ts,119,REAL,,
/home/user/BabajagaBoB/app/api/science/route.ts,33,REAL,,
/home/user/BabajagaBoB/app/api/secrets/route.ts,31,REAL,,
/home/user/BabajagaBoB/app/api/simulation/render/route.ts,42,REAL,,
/home/user/BabajagaBoB/app/api/simulation/route.ts,23,REAL,,
/home/user/BabajagaBoB/app/api/skills/route.ts,8,REAL,,
/home/user/BabajagaBoB/app/api/slo/route.ts,46,REAL,,
/home/user/BabajagaBoB/app/api/tasks/route.ts,74,REAL,,
/home/user/BabajagaBoB/app/api/timeline/route.ts,12,REAL,,
/home/user/BabajagaBoB/app/api/tools/route.ts,17,REAL,,
/home/user/BabajagaBoB/app/api/worker/route.ts,18,REAL,,
/home/user/BabajagaBoB/app/api/workshop/execute/route.ts,39,REAL,,
/home/user/BabajagaBoB/app/api/workshop/route.ts,8,REAL,,
/home/user/BabajagaBoB/app/layout.tsx,3,REAL,,
/home/user/BabajagaBoB/app/page.tsx,2,REAL,,
/home/user/BabajagaBoB/components/control-center.tsx,2207,REAL,,
/home/user/BabajagaBoB/components/status-badge.tsx,2,REAL,,
/home/user/BabajagaBoB/eslint.config.mjs,73,REAL,,
/home/user/BabajagaBoB/lib/agent-fabric.ts,194,REAL,,
/home/user/BabajagaBoB/lib/alerting.ts,260,REAL,,
/home/user/BabajagaBoB/lib/api/api-gate.ts,120,REAL,,
/home/user/BabajagaBoB/lib/api/guard.ts,294,REAL,,
/home/user/BabajagaBoB/lib/api/rate-limit.ts,52,REAL,,
/home/user/BabajagaBoB/lib/app-persistence.ts,37,REAL,,
/home/user/BabajagaBoB/lib/approvals.ts,124,REAL,,
/home/user/BabajagaBoB/lib/apps.ts,128,REAL,,
/home/user/BabajagaBoB/lib/argv-policy.ts,75,REAL,,
/home/user/BabajagaBoB/lib/artifacts.ts,153,REAL,,
/home/user/BabajagaBoB/lib/audit.ts,204,REAL,,
/home/user/BabajagaBoB/lib/authority.ts,535,REAL,,
/home/user/BabajagaBoB/lib/backup-policy.ts,196,REAL,,
/home/user/BabajagaBoB/lib/bootstrap.ts,244,REAL,,
/home/user/BabajagaBoB/lib/cicd.ts,147,REAL,,
/home/user/BabajagaBoB/lib/computer-use.ts,35,REAL,,
/home/user/BabajagaBoB/lib/control-plane.ts,655,REAL,,
/home/user/BabajagaBoB/lib/creator-auth.ts,295,REAL,,
/home/user/BabajagaBoB/lib/data-boundary.ts,65,REAL,,
/home/user/BabajagaBoB/lib/deployment.ts,595,REAL,,
/home/user/BabajagaBoB/lib/device-enrollment.ts,154,REAL,,
/home/user/BabajagaBoB/lib/devices.ts,60,REAL,,
/home/user/BabajagaBoB/lib/dispatcher.ts,164,REAL,,
/home/user/BabajagaBoB/lib/error-intelligence.ts,556,REAL,,
/home/user/BabajagaBoB/lib/event-store.ts,52,REAL,,
/home/user/BabajagaBoB/lib/events/log.ts,192,REAL,,
/home/user/BabajagaBoB/lib/execution-broker.ts,383,REAL,,
/home/user/BabajagaBoB/lib/execution-gate.ts,40,REAL,,
/home/user/BabajagaBoB/lib/fault-harness.ts,110,REAL,,
/home/user/BabajagaBoB/lib/fault-injection.ts,431,REAL,,
/home/user/BabajagaBoB/lib/gallery.ts,45,REAL,,
/home/user/BabajagaBoB/lib/governance.ts,195,REAL,,
/home/user/BabajagaBoB/lib/inbox.ts,111,REAL,,
/home/user/BabajagaBoB/lib/knowledge-vector.ts,116,REAL,,
/home/user/BabajagaBoB/lib/knowledge.ts,205,REAL,,
/home/user/BabajagaBoB/lib/metrics.ts,224,REAL,,
/home/user/BabajagaBoB/lib/ns-isolation.ts,397,REAL,,
/home/user/BabajagaBoB/lib/observability.ts,118,REAL,,
/home/user/BabajagaBoB/lib/observatory.ts,245,REAL,,
/home/user/BabajagaBoB/lib/oci-runtime.ts,330,REAL,,
/home/user/BabajagaBoB/lib/persistence/all-stores.ts,48,REAL,,
/home/user/BabajagaBoB/lib/persistence/store.ts,790,REAL,,
/home/user/BabajagaBoB/lib/plans.ts,81,REAL,,
/home/user/BabajagaBoB/lib/policy.ts,9,REAL,,
/home/user/BabajagaBoB/lib/privacy.ts,31,REAL,,
/home/user/BabajagaBoB/lib/promotion.ts,4,REAL,,
/home/user/BabajagaBoB/lib/provenance.ts,165,REAL,,
/home/user/BabajagaBoB/lib/provider-fabric.ts,244,REAL,,
/home/user/BabajagaBoB/lib/queue.ts,332,REAL,,
/home/user/BabajagaBoB/lib/recovery-orchestrator.ts,22,REAL,,
/home/user/BabajagaBoB/lib/recovery-tier.ts,149,REAL,,
/home/user/BabajagaBoB/lib/regression.ts,209,REAL,,
/home/user/BabajagaBoB/lib/release.ts,255,REAL,,
/home/user/BabajagaBoB/lib/reliability.ts,319,REAL,,
/home/user/BabajagaBoB/lib/request-validation.ts,74,REAL,,
/home/user/BabajagaBoB/lib/runs.ts,375,REAL,,
/home/user/BabajagaBoB/lib/runtime-factory.ts,69,REAL,,
/home/user/BabajagaBoB/lib/runtime-local.ts,412,REAL,,
/home/user/BabajagaBoB/lib/runtime-registry.ts,67,REAL,,
/home/user/BabajagaBoB/lib/runtime.ts,200,REAL,,
/home/user/BabajagaBoB/lib/sandbox/fabric.ts,288,REAL,,
/home/user/BabajagaBoB/lib/science.ts,447,REAL,,
/home/user/BabajagaBoB/lib/secrets.ts,18,REAL,,
/home/user/BabajagaBoB/lib/session-secret.ts,16,REAL,,
/home/user/BabajagaBoB/lib/session.ts,125,REAL,,
/home/user/BabajagaBoB/lib/shutdown.ts,15,REAL,,
/home/user/BabajagaBoB/lib/simulation.ts,18,REAL,,
/home/user/BabajagaBoB/lib/skills.ts,17,REAL,,
/home/user/BabajagaBoB/lib/slo.ts,375,REAL,,
/home/user/BabajagaBoB/lib/status.ts,113,REAL,,
/home/user/BabajagaBoB/lib/system-execution.ts,91,REAL,,
/home/user/BabajagaBoB/lib/tool-registry.ts,20,REAL,,
/home/user/BabajagaBoB/lib/totp.ts,112,REAL,,
/home/user/BabajagaBoB/lib/types.ts,240,REAL,,
/home/user/BabajagaBoB/lib/verification.ts,169,REAL,,
/home/user/BabajagaBoB/lib/visualization.ts,430,REAL,,
/home/user/BabajagaBoB/lib/worker.ts,283,REAL,,
/home/user/BabajagaBoB/lib/workshop-execution.ts,42,REAL,,
/home/user/BabajagaBoB/lib/workshop.ts,25,REAL,,
/home/user/BabajagaBoB/middleware.ts,23,REAL,,
/home/user/BabajagaBoB/next-env.d.ts,7,REAL,,
/home/user/BabajagaBoB/next.config.ts,3,REAL,,
/home/user/BabajagaBoB/scripts/acceptance.mjs,306,REAL,,
/home/user/BabajagaBoB/scripts/audit-actions.mjs,782,REAL,,
/home/user/BabajagaBoB/scripts/audit-api.sh,243,REAL,,
/home/user/BabajagaBoB/scripts/audit-ui.mjs,535,REAL,,
/home/user/BabajagaBoB/scripts/build-ns-rootfs.sh,71,REAL,,
/home/user/BabajagaBoB/scripts/cgroup-exec.sh,43,REAL,,
/home/user/BabajagaBoB/scripts/dev-up.sh,94,REAL,,
/home/user/BabajagaBoB/scripts/discover-host.mjs,105,REAL,,
/home/user/BabajagaBoB/scripts/fault-injection.mjs,442,REAL,,
/home/user/BabajagaBoB/scripts/ns-exec.sh,105,REAL,,
/home/user/BabajagaBoB/scripts/release-supervisor.sh,262,REAL,,
/home/user/BabajagaBoB/scripts/sabotage.mjs,327,REAL,,
/home/user/BabajagaBoB/scripts/setup-cgroup-delegation.sh,58,REAL,,
/home/user/BabajagaBoB/scripts/soak.mjs,227,REAL,,
/home/user/BabajagaBoB/scripts/verify-live.sh,424,REAL,,
/home/user/BabajagaBoB/scripts/verify-rate-limit.sh,126,REAL,,
/home/user/BabajagaBoB/server.mjs,77,REAL,,
/home/user/BabajagaBoB/tests/e2e/acceptance-chain.test.ts,408,REAL,,
/home/user/BabajagaBoB/tests/e2e/creator-flow.test.ts,149,REAL,,
/home/user/BabajagaBoB/tests/e2e/deployment-release.test.ts,246,REAL,,
/home/user/BabajagaBoB/tests/e2e/failure-recovery.test.ts,194,REAL,,
/home/user/BabajagaBoB/tests/helpers/concurrent-writer.ts,78,REAL,,
/home/user/BabajagaBoB/tests/helpers/runtime.ts,17,REAL,,
/home/user/BabajagaBoB/tests/integration/alerting.test.ts,145,REAL,,
/home/user/BabajagaBoB/tests/integration/app-module-sandbox.test.ts,118,REAL,,
/home/user/BabajagaBoB/tests/integration/backup-automation.test.ts,192,REAL,,
/home/user/BabajagaBoB/tests/integration/computer-broker.test.ts,79,REAL,,
/home/user/BabajagaBoB/tests/integration/computer-use.test.ts,88,REAL,,
/home/user/BabajagaBoB/tests/integration/deployment.test.ts,297,REAL,,
/home/user/BabajagaBoB/tests/integration/event-audit-linkage.test.ts,36,REAL,,
/home/user/BabajagaBoB/tests/integration/execution-evidence.test.ts,218,REAL,,
/home/user/BabajagaBoB/tests/integration/fault-injection-processes.test.ts,263,REAL,,
/home/user/BabajagaBoB/tests/integration/fault-injection.test.ts,148,REAL,,
/home/user/BabajagaBoB/tests/integration/graceful-shutdown.test.ts,143,REAL,,
/home/user/BabajagaBoB/tests/integration/load-broker.test.ts,144,REAL,,
/home/user/BabajagaBoB/tests/integration/metrics-backup.test.ts,130,REAL,,
/home/user/BabajagaBoB/tests/integration/ns-isolation.test.ts,303,REAL,,
/home/user/BabajagaBoB/tests/integration/observatory-why.test.ts,183,REAL,,
/home/user/BabajagaBoB/tests/integration/oci-runtime.test.ts,48,REAL,,
/home/user/BabajagaBoB/tests/integration/provider-fabric.test.ts,113,REAL,,
/home/user/BabajagaBoB/tests/integration/runtime-registry.test.ts,29,REAL,,
/home/user/BabajagaBoB/tests/integration/sandbox-runtime.test.ts,75,REAL,,
/home/user/BabajagaBoB/tests/integration/visualization.test.ts,240,REAL,,
/home/user/BabajagaBoB/tests/integration/worker-recovery.test.ts,159,REAL,,
/home/user/BabajagaBoB/tests/regression/ns-report-cache.test.ts,78,REAL,,
/home/user/BabajagaBoB/tests/regression/regression-engine.test.ts,78,REAL,,
/home/user/BabajagaBoB/tests/regression/ui-contract.test.ts,129,REAL,,
/home/user/BabajagaBoB/tests/security/api-gate.test.ts,126,REAL,,
/home/user/BabajagaBoB/tests/security/api-guard.test.ts,128,REAL,,
/home/user/BabajagaBoB/tests/security/api-route-contract.test.ts,96,REAL,,
/home/user/BabajagaBoB/tests/security/argv-policy.test.ts,126,REAL,,
/home/user/BabajagaBoB/tests/security/authority.test.ts,172,REAL,,
/home/user/BabajagaBoB/tests/security/broker-scope.test.ts,147,REAL,,
/home/user/BabajagaBoB/tests/security/causal-integrity.test.ts,97,REAL,,
/home/user/BabajagaBoB/tests/security/creator-login-lockout.test.ts,58,REAL,,
/home/user/BabajagaBoB/tests/security/creator-login.test.ts,100,REAL,,
/home/user/BabajagaBoB/tests/security/creator-totp.test.ts,144,REAL,,
/home/user/BabajagaBoB/tests/security/device-enrollment.test.ts,203,REAL,,
/home/user/BabajagaBoB/tests/security/direct-route-denial.test.ts,91,REAL,,
/home/user/BabajagaBoB/tests/security/gate-bypass.test.ts,140,REAL,,
/home/user/BabajagaBoB/tests/security/inbox-route.test.ts,94,REAL,,
/home/user/BabajagaBoB/tests/security/input-validation.test.ts,366,REAL,,
/home/user/BabajagaBoB/tests/security/ops-enforcement.test.ts,161,REAL,,
/home/user/BabajagaBoB/tests/security/promotion-gates.test.ts,284,REAL,,
/home/user/BabajagaBoB/tests/security/route-guards.test.ts,319,REAL,,
/home/user/BabajagaBoB/tests/security/token-read-projection.test.ts,99,REAL,,
/home/user/BabajagaBoB/tests/security/token-replay.test.ts,158,REAL,,
/home/user/BabajagaBoB/tests/ui/control-center-api.test.tsx,255,REAL,,
/home/user/BabajagaBoB/tests/ui/control-center.test.tsx,318,REAL,,
/home/user/BabajagaBoB/tests/unit/acceptance-matrix.test.ts,115,REAL,,
/home/user/BabajagaBoB/tests/unit/agent-fabric.test.ts,64,REAL,,
/home/user/BabajagaBoB/tests/unit/audit-retention.test.ts,121,REAL,,
/home/user/BabajagaBoB/tests/unit/control-plane.test.ts,75,REAL,,
/home/user/BabajagaBoB/tests/unit/knowledge-vector.test.ts,42,REAL,,
/home/user/BabajagaBoB/tests/unit/ops-hardening.test.ts,97,REAL,,
/home/user/BabajagaBoB/tests/unit/persistence.test.ts,87,REAL,,
/home/user/BabajagaBoB/tests/unit/plans.test.ts,53,REAL,,
/home/user/BabajagaBoB/tests/unit/recovery-tier.test.ts,88,REAL,,
/home/user/BabajagaBoB/tests/unit/release.test.ts,129,REAL,,
/home/user/BabajagaBoB/tests/unit/runtime-persistence.test.ts,113,REAL,,
/home/user/BabajagaBoB/tests/unit/sabotage-plan.test.ts,97,REAL,,
/home/user/BabajagaBoB/tests/unit/slo.test.ts,181,REAL,,
/home/user/BabajagaBoB/tests/unit/status-model.test.ts,75,REAL,,
/home/user/BabajagaBoB/tests/unit/store-migration.test.ts,315,REAL,,
/home/user/BabajagaBoB/vitest.config.ts,23,REAL,,
